wavelength_vacuum_planet_rest_A,wavelength_air_planet_rest_A,raw_excess_absorption_percent,gp_correction_applied_percent,fig3b_excess_absorption_percent,absorption_depth_positive_percent,uncertainty_1sigma_percent,fig4_normalized_flux,fig4_normalized_flux_uncertainty_1sigma
10830.0220605751,10827.0560937805,0.2125153230,-0.2140140124,-0.0014986894,0.0014986894,0.1195894955,0.9999850131,0.0011958950
10830.0581712976,10827.0921947092,0.2809907668,-0.2280744932,0.0529162736,-0.0529162736,0.1191784318,1.0005291627,0.0011917843
10830.0942820202,10827.1282956378,0.1949647390,-0.1591651883,0.0357995508,-0.0357995508,0.1186783997,1.0003579955,0.0011867840
10830.1303927427,10827.1643965664,0.0195270314,-0.0312270916,-0.0117000602,0.0117000602,0.1181160268,0.9998829994,0.0011811603
10830.1665034652,10827.2004974951,-0.1146588478,0.0720502578,-0.0426085901,0.0426085901,0.1177930242,0.9995739141,0.0011779302
10830.2026141878,10827.2365984237,-0.1223742664,0.0894671343,-0.0329071321,0.0329071321,0.1179656270,0.9996709287,0.0011796563
10830.2387249103,10827.2726993524,-0.0339532809,0.0339450729,-0.0000082080,0.0000082080,0.1184250179,0.9999999179,0.0011842502
10830.2748356328,10827.3088002810,0.0531926118,-0.0279875181,0.0252050937,-0.0252050937,0.1186033032,1.0002520509,0.0011860330
10830.3109463554,10827.3449012097,0.0636325116,-0.0332445029,0.0303880088,-0.0303880088,0.1182548723,1.0003038801,0.0011825487
10830.3470570779,10827.3810021383,-0.0196386699,0.0381670523,0.0185283824,-0.0185283824,0.1177836154,1.0001852838,0.0011778362
10830.3831678004,10827.4171030669,-0.1645881101,0.1550088460,-0.0095792641,0.0095792641,0.1175795292,0.9999042074,0.0011757953
10830.4192785230,10827.4532039956,-0.2873244734,0.2502075658,-0.0371169076,0.0371169076,0.1175530324,0.9996288309,0.0011755303
10830.4553892455,10827.4893049242,-0.3041395772,0.2605691206,-0.0435704566,0.0435704566,0.1175278140,0.9995642954,0.0011752781
10830.4914999681,10827.5254058529,-0.1955890344,0.1675256272,-0.0280634072,0.0280634072,0.1174687585,0.9997193659,0.0011746876
10830.5276106906,10827.5615067815,-0.0071332329,0.0081405361,0.0010073032,-0.0010073032,0.1174131047,1.0000100730,0.0011741310
10830.5637214131,10827.5976077102,0.1796534803,-0.1440328342,0.0356206461,-0.0356206461,0.1174458241,1.0003562065,0.0011744582
10830.5998321357,10827.6337086388,0.2659131003,-0.2190593836,0.0468537167,-0.0468537167,0.1176485880,1.0004685372,0.0011764859
10830.6359428582,10827.6698095674,0.2208821600,-0.2026221508,0.0182600092,-0.0182600092,0.1180207302,1.0001826001,0.0011802073
10830.6720535807,10827.7059104961,0.1296579946,-0.1506355884,-0.0209775938,0.0209775938,0.1183923305,0.9997902241,0.0011839233
10830.7081643033,10827.7420114247,0.1082478960,-0.1352611232,-0.0270132273,0.0270132273,0.1186265855,0.9997298677,0.0011862659
10830.7442750258,10827.7781123534,0.1794583503,-0.1749437835,0.0045145668,-0.0045145668,0.1189149016,1.0000451457,0.0011891490
10830.7803857483,10827.8142132820,0.2585344134,-0.2284032992,0.0301311142,-0.0301311142,0.1194932104,1.0003013111,0.0011949321
10830.8164964709,10827.8503142106,0.2751216952,-0.2565227132,0.0185989820,-0.0185989820,0.1203158580,1.0001859898,0.0012031586
10830.8526071934,10827.8864151393,0.2600577528,-0.2678814312,-0.0078236784,0.0078236784,0.1211566890,0.9999217632,0.0012115669
10830.8887179160,10827.9225160679,0.2832677845,-0.2906069322,-0.0073391476,0.0073391476,0.1219204752,0.9999266085,0.0012192048
10830.9248286385,10827.9586169966,0.3431369434,-0.3163083946,0.0268285488,-0.0268285488,0.1226486301,1.0002682855,0.0012264863
10830.9609393610,10827.9947179252,0.3441639741,-0.2974007223,0.0467632518,-0.0467632518,0.1232419595,1.0004676325,0.0012324196
10830.9970500836,10828.0308188538,0.2307641262,-0.2078325092,0.0229316170,-0.0229316170,0.1236655930,1.0002293162,0.0012366559
10831.0331608061,10828.0669197825,0.0686121058,-0.0822756380,-0.0136635322,0.0136635322,0.1240922084,0.9998633647,0.0012409221
10831.0692715286,10828.1030207111,-0.0471096743,0.0162909910,-0.0308186833,0.0308186833,0.1247437483,0.9996918132,0.0012474375
10831.1053822512,10828.1391216397,-0.0779894164,0.0487257558,-0.0292636606,0.0292636606,0.1257999536,0.9997073634,0.0012579995
10831.1414929737,10828.1752225684,-0.0308898292,0.0196150314,-0.0112747978,0.0112747978,0.1273169543,0.9998872520,0.0012731695
10831.1776036962,10828.2113234970,0.0432204518,-0.0309845726,0.0122358792,-0.0122358792,0.1292895381,1.0001223588,0.0012928954
10831.2137144188,10828.2474244257,0.0739582176,-0.0554831768,0.0184750408,-0.0184750408,0.1313060631,1.0001847504,0.0013130606
10831.2498251413,10828.2835253543,0.0369296598,-0.0289919514,0.0079377084,-0.0079377084,0.1329385475,1.0000793771,0.0013293855
10831.2859358638,10828.3196262829,-0.0454349461,0.0472647492,0.0018298032,-0.0018298032,0.1344480877,1.0000182980,0.0013444809
10831.3220465864,10828.3557272116,-0.1635528852,0.1601784046,-0.0033744805,0.0033744805,0.1360715190,0.9999662552,0.0013607152
10831.3581573089,10828.3918281402,-0.3158288681,0.2814142296,-0.0344146385,0.0344146385,0.1376485308,0.9996558536,0.0013764853
10831.3942680315,10828.4279290688,-0.4370827241,0.3550831821,-0.0819995421,0.0819995421,0.1391282268,0.9991800046,0.0013912823
10831.4303787540,10828.4640299975,-0.4231751785,0.3204760937,-0.1026990847,0.1026990847,0.1407327027,0.9989730092,0.0014073270
10831.4664894765,10828.5001309261,-0.2405484847,0.1638527655,-0.0766957193,0.0766957193,0.1426114239,0.9992330428,0.0014261142
10831.5026001991,10828.5362318547,0.0399438374,-0.0540434225,-0.0140995852,0.0140995852,0.1447778743,0.9998590041,0.0014477787
10831.5387109216,10828.5723327834,0.2751708781,-0.2210489221,0.0541219560,-0.0541219560,0.1471242225,1.0005412196,0.0014712422
10831.5748216441,10828.6084337120,0.3058043214,-0.2389280795,0.0668762419,-0.0668762419,0.1493971111,1.0006687624,0.0014939711
10831.6109323667,10828.6445346406,0.0774468273,-0.0996837398,-0.0222369125,0.0222369125,0.1512798906,0.9997776309,0.0015127989
10831.6470430892,10828.6806355692,-0.2386774257,0.0944283273,-0.1442490984,0.1442490984,0.1528528985,0.9985575090,0.0015285290
10831.6831538117,10828.7167364979,-0.3955438025,0.2139702598,-0.1815735427,0.1815735427,0.1548205562,0.9981842646,0.0015482056
10831.7192645343,10828.7528374265,-0.3428522254,0.2100622379,-0.1327899875,0.1327899875,0.1576566135,0.9986721001,0.0015765661
10831.7553752568,10828.7889383551,-0.2243031942,0.1246749050,-0.0996282892,0.0996282892,0.1610290980,0.9990037171,0.0016102910
10831.7914859794,10828.8250392838,-0.1266215595,0.0182929866,-0.1083285729,0.1083285729,0.1644395984,0.9989167143,0.0016443960
10831.8275967019,10828.8611402124,-0.0342472273,-0.0684623569,-0.1027095841,0.1027095841,0.1676076257,0.9989729042,0.0016760763
10831.8637074244,10828.8972411410,0.0309174580,-0.0997655240,-0.0688480660,0.0688480660,0.1702174150,0.9993115193,0.0017021742
10831.8998181470,10828.9333420697,-0.0275264710,-0.0473287796,-0.0748552507,0.0748552507,0.1708683440,0.9992514475,0.0017086834
10831.9359288695,10828.9694429983,-0.2368898171,0.0680245751,-0.1688652420,0.1688652420,0.1686478191,0.9983113476,0.0016864782
10831.9720395920,10829.0055439269,-0.4391257227,0.1604523494,-0.2786733733,0.2786733733,0.1648974375,0.9972132663,0.0016489744
10832.0081503146,10829.0416448555,-0.4291305961,0.1423520350,-0.2867785611,0.2867785611,0.1609508594,0.9971322144,0.0016095086
10832.0442610371,10829.0777457842,-0.2040537506,0.0155516209,-0.1885021296,0.1885021296,0.1572892499,0.9981149787,0.0015728925
10832.0803717596,10829.1138467128,0.0122947177,-0.1229634170,-0.1106686993,0.1106686993,0.1541856850,0.9988933130,0.0015418569
10832.1164824822,10829.1499476414,0.0500724912,-0.1801164622,-0.1300439710,0.1300439710,0.1517033940,0.9986995603,0.0015170339
10832.1525932047,10829.1860485701,-0.0429375146,-0.1481670740,-0.1911045886,0.1911045886,0.1497264821,0.9980889541,0.0014972648
10832.1887039273,10829.2221494987,-0.1422231880,-0.0819993040,-0.2242224920,0.2242224920,0.1480372636,0.9977577751,0.0014803726
10832.2248146498,10829.2582504273,-0.1966891300,-0.0304491758,-0.2271383058,0.2271383058,0.1466663036,0.9977286169,0.0014666630
10832.2609253723,10829.2943513559,-0.2007474587,-0.0012431186,-0.2019905773,0.2019905773,0.1459517860,0.9979800942,0.0014595179
10832.2970360949,10829.3304522846,-0.1931295068,0.0358437566,-0.1572857502,0.1572857502,0.1460027782,0.9984271425,0.0014600278
10832.3331468174,10829.3665532132,-0.2765732613,0.1084150686,-0.1681581927,0.1681581927,0.1463773428,0.9983184181,0.0014637734
10832.3692575399,10829.4026541418,-0.4401301803,0.1773063044,-0.2628238759,0.2628238759,0.1462569429,0.9973717612,0.0014625694
10832.4053682625,10829.4387550704,-0.4578611209,0.1463175259,-0.3115435951,0.3115435951,0.1450911675,0.9968845640,0.0014509117
10832.4414789850,10829.4748559991,-0.2028502593,-0.0177149071,-0.2205651664,0.2205651664,0.1430850449,0.9977943483,0.0014308504
10832.4775897075,10829.5109569277,0.1091506957,-0.2116558097,-0.1025051141,0.1025051141,0.1407283819,0.9989749489,0.0014072838
10832.5137004301,10829.5470578563,0.1966364228,-0.2953404899,-0.0987040672,0.0987040672,0.1383265751,0.9990129593,0.0013832658
10832.5498111526,10829.5831587849,0.0476485978,-0.2376729222,-0.1900243245,0.1900243245,0.1360025273,0.9980997568,0.0013600253
10832.5859218752,10829.6192597136,-0.1382593827,-0.1230786557,-0.2613380384,0.2613380384,0.1339362373,0.9973866196,0.0013393624
10832.6220325977,10829.6553606422,-0.2235943217,-0.0342542858,-0.2578486075,0.2578486075,0.1323756696,0.9974215139,0.0013237567
10832.6581433202,10829.6914615708,-0.2645884518,0.0246037145,-0.2399847373,0.2399847373,0.1312228542,0.9976001526,0.0013122285
10832.6942540428,10829.7275624994,-0.3660305544,0.0790382591,-0.2869922952,0.2869922952,0.1300675502,0.9971300770,0.0013006755
10832.7303647653,10829.7636634280,-0.4789484958,0.1060316175,-0.3729168783,0.3729168783,0.1288092222,0.9962708312,0.0012880922
10832.7664754878,10829.7997643567,-0.4714579672,0.0554908725,-0.4159670947,0.4159670947,0.1276066758,0.9958403291,0.0012760668
10832.8025862104,10829.8358652853,-0.3464958363,-0.0652593350,-0.4117551712,0.4117551712,0.1264401987,0.9958824483,0.0012644020
10832.8386969329,10829.8719662139,-0.2472666451,-0.1781074624,-0.4253741076,0.4253741076,0.1251616041,0.9957462589,0.0012516160
10832.8748076554,10829.9080671425,-0.2808251915,-0.2083768116,-0.4892020031,0.4892020031,0.1237753477,0.9951079800,0.0012377535
10832.9109183780,10829.9441680711,-0.4372672989,-0.1448847451,-0.5821520440,0.5821520440,0.1224433705,0.9941784796,0.0012244337
10832.9470291005,10829.9802689998,-0.6439339947,-0.0309470023,-0.6748809969,0.6748809969,0.1212602283,0.9932511900,0.0012126023
10832.9831398231,10830.0163699284,-0.8388532367,0.0784759529,-0.7603772838,0.7603772838,0.1202376770,0.9923962272,0.0012023768
10833.0192505456,10830.0524708570,-0.9820434350,0.1465223716,-0.8355210634,0.8355210634,0.1195022419,0.9916447894,0.0011950224
10833.0553612681,10830.0885717856,-1.0648662304,0.1649130618,-0.8999531686,0.8999531686,0.1191081945,0.9910004683,0.0011910819
10833.0914719907,10830.1246727142,-1.1108770930,0.1477423147,-0.9631347783,0.9631347783,0.1188575769,0.9903686522,0.0011885758
10833.1275827132,10830.1607736429,-1.1443651745,0.1130435126,-1.0313216619,1.0313216619,0.1185131908,0.9896867834,0.0011851319
10833.1636934357,10830.1968745715,-1.1582059641,0.0725631353,-1.0856428288,1.0856428288,0.1181440527,0.9891435717,0.0011814405
10833.1998041583,10830.2329755001,-1.1708338781,0.0381323729,-1.1327015051,1.1327015051,0.1179806031,0.9886729849,0.0011798060
10833.2359148808,10830.2690764287,-1.2057951416,0.0131619999,-1.1926331416,1.1926331416,0.1179804639,0.9880736686,0.0011798046
10833.2720256033,10830.3051773573,-1.2197343639,-0.0129626673,-1.2326970312,1.2326970312,0.1179997016,0.9876730297,0.0011799970
10833.3081363259,10830.3412782859,-1.1890870571,-0.0287435762,-1.2178306333,1.2178306333,0.1180330294,0.9878216937,0.0011803303
10833.3442470484,10830.3773792146,-1.2183663859,0.0121812229,-1.2061851631,1.2061851631,0.1180831106,0.9879381484,0.0011808311
10833.3803577710,10830.4134801432,-1.3699221986,0.1149835802,-1.2549386184,1.2549386184,0.1181173541,0.9874506138,0.0011811735
10833.4164684935,10830.4495810718,-1.4966117386,0.1922472376,-1.3043645009,1.3043645009,0.1181919541,0.9869563550,0.0011819195
10833.4525792160,10830.4856820004,-1.4202472271,0.1531766104,-1.2670706167,1.2670706167,0.1186043588,0.9873292938,0.0011860436
10833.4886899386,10830.5217829290,-1.1773809487,0.0272057910,-1.1501751577,1.1501751577,0.1193464686,0.9884982484,0.0011934647
10833.5248006611,10830.5578838576,-0.9865008203,-0.0484112970,-1.0349121173,1.0349121173,0.1200293763,0.9896508788,0.0012002938
10833.5609113836,10830.5939847862,-1.0274854402,0.0268561989,-1.0006292413,1.0006292413,0.1204614392,0.9899937076,0.0012046144
10833.5970221062,10830.6300857149,-1.2374502590,0.1889492656,-1.0485009934,1.0485009934,0.1205786886,0.9895149901,0.0012057869
10833.6331328287,10830.6661866435,-1.3062335193,0.2437403192,-1.0624932001,1.0624932001,0.1205408958,0.9893750680,0.0012054090
10833.6692435512,10830.7022875721,-0.9963674610,0.0658964247,-0.9304710363,0.9304710363,0.1207257283,0.9906952896,0.0012072573
10833.7053542738,10830.7383885007,-0.4651412530,-0.2467202602,-0.7118615131,0.7118615131,0.1213005933,0.9928813849,0.0012130059
10833.7414649963,10830.7744894293,-0.1078617675,-0.4676104766,-0.5754722441,0.5754722441,0.1220761883,0.9942452776,0.0012207619
10833.7775757189,10830.8105903579,-0.0877845685,-0.4788532469,-0.5666378155,0.5666378155,0.1228809772,0.9943336218,0.0012288098
10833.8136864414,10830.8466912865,-0.2198452329,-0.3560008151,-0.5758460480,0.5758460480,0.1236449125,0.9942415395,0.0012364491
10833.8497971639,10830.8827922152,-0.2831147500,-0.2384966529,-0.5216114029,0.5216114029,0.1243054665,0.9947838860,0.0012430547
10833.8859078865,10830.9188931438,-0.2447980432,-0.1911918258,-0.4359898690,0.4359898690,0.1248174771,0.9956401013,0.0012481748
10833.9220186090,10830.9549940724,-0.1602878063,-0.1912128129,-0.3515006192,0.3515006192,0.1252800556,0.9964849938,0.0012528006
10833.9581293315,10830.9910950010,-0.0888748026,-0.1728608660,-0.2617356685,0.2617356685,0.1259054618,0.9973826433,0.0012590546
10833.9942400541,10831.0271959296,-0.1237504911,-0.0718333082,-0.1955837993,0.1955837993,0.1266199519,0.9980441620,0.0012661995
10834.0303507766,10831.0632968582,-0.3203141474,0.1117740614,-0.2085400860,0.2085400860,0.1271606671,0.9979145991,0.0012716067
10834.0664614991,10831.0993977868,-0.5389394623,0.2740434382,-0.2648960242,0.2648960242,0.1276740391,0.9973510398,0.0012767404
10834.1025722217,10831.1354987154,-0.5351992579,0.2852982382,-0.2499010198,0.2499010198,0.1285380797,0.9975009898,0.0012853808
10834.1386829442,10831.1715996440,-0.2658838036,0.1349010894,-0.1309827142,0.1309827142,0.1298148907,0.9986901729,0.0012981489
10834.1747936667,10831.2077005726,0.0284977508,-0.0385649455,-0.0100671948,0.0100671948,0.1311758173,0.9998993281,0.0013117582
10834.2109043893,10831.2438015012,0.0974229136,-0.0801471425,0.0172757711,-0.0172757711,0.1324498982,1.0001727577,0.0013244990
10834.2470151118,10831.2799024299,-0.0775478172,0.0463630228,-0.0311847944,0.0311847944,0.1339330729,0.9996881521,0.0013393307
10834.2831258344,10831.3160033585,-0.3418077125,0.2573668337,-0.0844408788,0.0844408788,0.1358728974,0.9991555912,0.0013587290
10834.3192365569,10831.3521042871,-0.5439658431,0.4423951465,-0.1015706966,0.1015706966,0.1380841609,0.9989842930,0.0013808416
10834.3553472794,10831.3882052157,-0.6256017101,0.5414023726,-0.0841993374,0.0841993374,0.1402082590,0.9991580066,0.0014020826
10834.3914580020,10831.4243061443,-0.6107769902,0.5585882554,-0.0521887347,0.0521887347,0.1421408724,0.9994781127,0.0014214087
10834.4275687245,10831.4604070729,-0.5580611004,0.5321250527,-0.0259360477,0.0259360477,0.1439514997,0.9997406395,0.0014395150
10834.4636794470,10831.4965080015,-0.5165996682,0.4938828007,-0.0227168675,0.0227168675,0.1455320458,0.9997728313,0.0014553205
10834.4997901696,10831.5326089301,-0.4880317209,0.4432354210,-0.0447962998,0.0447962998,0.1468958863,0.9995520370,0.0014689589
10834.5359008921,10831.5687098587,-0.4191254478,0.3525234992,-0.0666019487,0.0666019487,0.1483834862,0.9993339805,0.0014838349
10834.5720116146,10831.6048107873,-0.2510313857,0.2060565454,-0.0449748403,0.0449748403,0.1501691640,0.9995502516,0.0015016916
10834.6081223372,10831.6409117159,0.0013151123,0.0410568297,0.0423719421,-0.0423719421,0.1521027587,1.0004237194,0.0015210276
10834.6442330597,10831.6770126445,0.1415322003,-0.0683648563,0.0731673440,-0.0731673440,0.1576552306,1.0007316734,0.0015765523
