stage	row	status	maximum	wind	reported_region	gated	tolerance	pass	cell
initial	hydrodynamic mass row	1	  1.508646538468517E+00	  1.216565322735123E+00	  1.508646538468517E+00	  0.000000000000000E+00	  3.000000000000000E-12	F	191
initial	hydrodynamic momentum row	1	  3.348139286553522E-01	  3.348139286553522E-01	  1.187479662732377E-03	  0.000000000000000E+00	  1.000000000000000E-08	F	500
initial	hydrodynamic energy row	1	  1.892404852940225E+00	  5.880503564432963E-01	  1.892404852940225E+00	  0.000000000000000E+00	  1.000000000000000E-06	F	99
initial	elemental transport He/H partition	1	  5.935178664991539E-01	  5.839988418712208E-01	  5.935178664991539E-01	  5.839988418712208E-01	  1.000000000000000E-05	F	191
initial	elemental transport C	1	  4.704412474932624E-01	  4.704412474932624E-01	  3.150128842815244E-01	  4.704412474932624E-01	  1.000000000000000E-05	F	291
initial	elemental transport O	1	  1.900340279516337E-01	  1.467715748690587E-01	  1.900340279516337E-01	  1.467715748690587E-01	  1.000000000000000E-05	F	191
initial	elemental transport N	1	  3.112272152821886E-01	  3.112272152821886E-01	  2.125767737552807E-01	  3.112272152821886E-01	  1.000000000000000E-05	F	291
initial	elemental transport Mg	1	  5.033726887943466E-01	  5.033726887943466E-01	  2.426460200977259E-01	  5.033726887943466E-01	  1.000000000000000E-05	F	291
initial	elemental transport Ca	1	  3.573350326805436E-01	  3.573350326805436E-01	  1.427364711183109E-01	  3.573350326805436E-01	  1.000000000000000E-05	F	291
initial	elemental transport Na	1	  4.868655845928201E-01	  4.868655845928201E-01	  1.463995803372738E-01	  4.868655845928201E-01	  1.000000000000000E-05	F	291
initial	elemental transport Fe	1	  2.954159933902846E-01	  2.954159933902846E-01	  1.295623161428059E-01	  2.954159933902846E-01	  1.000000000000000E-05	F	291
initial	level balance He 2^3S	1	  2.640416917700841E-19	  2.640416917700841E-19	  1.241727269174282E-22	  0.000000000000000E+00	  1.000000000000000E-06	T	498
initial	eliminated-species closure System_HeH_TR_metals	1	  2.828771103733957E-16	  2.409534442196819E-16	  2.828771103733957E-16	  0.000000000000000E+00	  1.000000000000000E-06	T	193
hydro_01	hydrodynamic mass row	1	  1.454370573328156E+00	  1.439099558300036E-02	  1.454370573328156E+00	  0.000000000000000E+00	  3.000000000000000E-12	F	1
hydro_01	hydrodynamic momentum row	1	  4.242870647135465E-01	  4.242870647135465E-01	  4.531547815382335E-05	  0.000000000000000E+00	  1.000000000000000E-08	F	500
hydro_01	hydrodynamic energy row	1	  1.568328089322292E+00	  7.330177583490206E-02	  1.568328089322292E+00	  0.000000000000000E+00	  1.000000000000000E-06	F	141
hydro_01	elemental transport He/H partition	1	  5.811483090516339E-01	  7.755929742174047E-03	  5.811483090516339E-01	  7.755929742174047E-03	  1.000000000000000E-05	F	2
hydro_01	elemental transport C	1	  4.932727023166233E-01	  7.948736038498284E-03	  4.932727023166233E-01	  7.948736038498284E-03	  1.000000000000000E-05	F	2
hydro_01	elemental transport O	1	  4.620010837554371E-01	  1.098966141081201E-02	  4.620010837554371E-01	  1.098966141081201E-02	  1.000000000000000E-05	F	2
hydro_01	elemental transport N	1	  4.771028298266010E-01	  9.959050626683657E-03	  4.771028298266010E-01	  9.959050626683657E-03	  1.000000000000000E-05	F	2
hydro_01	elemental transport Mg	1	  4.100946235057140E-01	  7.940667234522339E-03	  4.100946235057140E-01	  7.940667234522339E-03	  1.000000000000000E-05	F	2
hydro_01	elemental transport Ca	1	  3.711487709692546E-01	  8.666298053221139E-03	  3.711487709692546E-01	  8.666298053221139E-03	  1.000000000000000E-05	F	2
hydro_01	elemental transport Na	1	  4.165038704695219E-01	  8.488703405956644E-03	  4.165038704695219E-01	  8.488703405956644E-03	  1.000000000000000E-05	F	2
hydro_01	elemental transport Fe	1	  2.857778997500945E-01	  8.576085732815732E-03	  2.857778997500945E-01	  8.576085732815732E-03	  1.000000000000000E-05	F	2
hydro_01	level balance He 2^3S	1	  1.486451181469631E-19	  1.486451181469631E-19	  2.669501386125902E-22	  0.000000000000000E+00	  1.000000000000000E-06	T	495
hydro_01	eliminated-species closure System_HeH_TR_metals	1	  2.349802791299690E-13	  2.732759958884861E-16	  2.349802791299690E-13	  0.000000000000000E+00	  1.000000000000000E-06	T	214
species_01	hydrodynamic mass row	1	  1.454370573119046E+00	  1.439099558300036E-02	  1.454370573119046E+00	  0.000000000000000E+00	  3.000000000000000E-12	F	1
species_01	hydrodynamic momentum row	1	  4.242870647135465E-01	  4.242870647135465E-01	  4.531547815228762E-05	  0.000000000000000E+00	  1.000000000000000E-08	F	500
species_01	hydrodynamic energy row	1	  1.821753103913185E+00	  8.608838267514737E-01	  1.821753103913185E+00	  0.000000000000000E+00	  1.000000000000000E-06	F	186
species_01	elemental transport He/H partition	1	  2.076521038772219E-01	  7.753711229249270E-03	  2.076521038772219E-01	  7.753711229249270E-03	  1.000000000000000E-05	F	2
species_01	elemental transport C	1	  8.477948779884588E-01	  8.477948779884588E-01	  1.080423495894548E-01	  8.477948779884588E-01	  1.000000000000000E-05	F	466
species_01	elemental transport O	1	  4.650300788455163E-01	  4.650300788455163E-01	  2.748700435549914E-02	  4.650300788455163E-01	  1.000000000000000E-05	F	358
species_01	elemental transport N	1	  2.739762909473117E-01	  2.739762909473117E-01	  7.543469901691671E-02	  2.739762909473117E-01	  1.000000000000000E-05	F	475
species_01	elemental transport Mg	1	  1.000000000000000E+00	  1.000000000000000E+00	  9.186126680511078E-02	  1.000000000000000E+00	  1.000000000000000E-05	F	422
species_01	elemental transport Ca	1	  1.000000000000000E+00	  1.000000000000000E+00	  7.555472706886009E-01	  1.000000000000000E+00	  1.000000000000000E-05	F	328
species_01	elemental transport Na	1	  1.000000000000000E+00	  1.000000000000000E+00	  3.137174506805726E-01	  1.000000000000000E+00	  1.000000000000000E-05	F	372
species_01	elemental transport Fe	1	  1.000000000000000E+00	  1.000000000000000E+00	  1.407250911964572E-01	  1.000000000000000E+00	  1.000000000000000E-05	F	359
species_01	level balance He 2^3S	1	  3.475189350895259E-19	  3.475189350895259E-19	  1.528049145003475E-22	  0.000000000000000E+00	  1.000000000000000E-06	T	495
species_01	eliminated-species closure System_HeH_TR_metals	1	  7.151472216353467E-13	  2.212064199961627E-16	  7.151472216353467E-13	  0.000000000000000E+00	  1.000000000000000E-06	T	142
