-3.98800868846735379e-03,-3.65999601615058312e+00,-7.70761079754070177e+00
2.19081801793672955e-03,-2.70742025066978753e+00,-7.39163082723094966e+00
-2.73487611380507898e-04,-2.95968623908081430e+00,-8.99644026760797999e+00
5.79448247214321807e-04,-3.30785770237909427e+00,-1.24248516439043417e+01
1.64121671103489787e-03,-4.81874493365785472e+00,-2.13373534117800894e+01
4.63700831386280963e-03,-4.87016397093827091e+00,-2.42012259883382654e+01
1.04601080899042655e-02,-4.07543709911125163e+00,-2.25622566283186643e+01
2.46611404183005069e-02,-3.50317546307304140e+00,-2.12219046688837167e+01
4.21692514155599663e-02,-2.81235445204464973e+00,-1.79616146533560226e+01
6.12698368360245216e-02,-2.25067148620462509e+00,-1.46706922298532429e+01
7.99861052230190495e-02,-1.83963836507801681e+00,-1.20080051613302068e+01
9.75670147844033692e-02,-1.54400356382277248e+00,-9.98502654341538332e+00
1.13864177033150549e-01,-1.32832526941738727e+00,-8.45594729896451547e+00
1.28949754398833882e-01,-1.16737183258256239e+00,-7.28341800100664027e+00
1.42942989004645638e-01,-1.04449822361369860e+00,-6.36634964602049536e+00
1.55898027789982185e-01,-9.48792796762694235e-01,-5.63459044676861964e+00
1.67671422443299883e-01,-8.72979701984560208e-01,-5.03976608890623101e+00
1.77777805831418334e-01,-8.12084441089467424e-01,-4.54807371375313529e+00
1.85357348103108027e-01,-7.62616394675635689e-01,-4.13537857409297960e+00
1.89456635084082919e-01,-7.22078041965550255e-01,-3.78407670546242736e+00
1.89665429720644374e-01,-6.88676268585919016e-01,-3.48119716478263586e+00
1.86670273967579431e-01,-6.61144673160236285e-01,-3.21725939278773598e+00
1.82084848987015546e-01,-6.38607183674471557e-01,-2.98542632874866820e+00
1.77620964954487565e-01,-6.20448534678059604e-01,-2.78068315920249054e+00
1.74351037281619742e-01,-6.06039926032093557e-01,-2.59689027039745390e+00
1.72536887523071919e-01,-5.92531849625862250e-01,-2.38603066337539405e+00
1.74075785461054205e-01,-5.82278202108977738e-01,-2.12973129672621342e+00
1.81297305027865507e-01,-5.83073331018710284e-01,-1.83043137161271607e+00
1.96099809343659642e-01,-6.10358549743715284e-01,-1.49213614688563401e+00
2.21924388876220041e-01,-6.96060821561898968e-01,-1.12582771587278962e+00
2.68199210609655736e-01,-8.87658892665362798e-01,-7.67633738673244914e-01
3.53642701550602512e-01,-1.14706168835059796e+00,-4.98584137958522244e-01
4.80857723545049243e-01,-1.21268009369504481e+00,-3.74629712148546512e-01
5.77547424639676232e-01,-9.56641837406050133e-01,-3.21861728507306877e-01
5.57712373808382011e-01,-6.07945267849943960e-01,-2.69397359158589533e-01
4.60865074070329062e-01,-3.43866171467446469e-01,-2.12466014273559600e-01
3.62443211188868519e-01,-1.87446602946137936e-01,-1.59685592649031455e-01
3.07352635171483424e-01,-1.25034724046347384e-01,-1.29036453429901582e-01
2.78588720670380319e-01,-9.82603459404991358e-02,-1.12696564743592645e-01
2.61869204190323224e-01,-8.43806300581751156e-02,-1.03135354334968399e-01
2.51521831240704596e-01,-7.63865006388168566e-02,-9.72106811154280354e-02
2.44865177594979749e-01,-7.14794347341235342e-02,-9.34014316849015730e-02
2.40475078257791519e-01,-6.83430020285092504e-02,-9.08919087473812892e-02
2.37532046044626244e-01,-6.62845489941331079e-02,-8.92114201291233921e-02
2.35537385969318058e-01,-6.49095234233058177e-02,-8.80735602819678887e-02
2.34175439104517102e-01,-6.39799996137944416e-02,-8.72972599219804107e-02
2.33240795384763139e-01,-6.33465049063653141e-02,-8.67648648642577736e-02
2.32597164370327097e-01,-6.29123443710969399e-02,-8.63984235308891124e-02
2.32145986219420120e-01,-6.26090217539939375e-02,-8.61416524469822698e-02
2.31735613038722366e-01,-6.23338641045649081e-02,-8.59081820520239403e-02
2.31326896403331428e-01,-6.20605133093724212e-02,-8.56757341060003785e-02
2.30919826140578405e-01,-6.17889575392334481e-02,-8.54443087594644601e-02
2.30514392128199547e-01,-6.15191858546999676e-02,-8.52139073718600482e-02
2.30110584287343573e-01,-6.12511884055807337e-02,-8.49845328357334839e-02
2.29708392573766185e-01,-6.09849567009413465e-02,-8.47561900141901581e-02
2.29307806966555949e-01,-6.07204839755635106e-02,-8.45288863335343227e-02
2.28908817454269276e-01,-6.04577655509711126e-02,-8.43026323741532663e-02
2.28511414021759340e-01,-6.01967986247984241e-02,-8.40774415747268800e-02
2.28115586657061137e-01,-5.99375789100943454e-02,-8.38533250020660897e-02
2.27721325430756433e-01,-5.96800893333131327e-02,-8.36302736085037385e-02
2.27328620717284435e-01,-5.94242791363015777e-02,-8.34082252106958383e-02
2.26937463541432100e-01,-5.91700474643632873e-02,-8.31870381365074629e-02
2.26547845829643046e-01,-5.89172604270149711e-02,-8.29665173020051883e-02
2.26159760269265292e-01,-5.86658084318573969e-02,-8.27465041581523231e-02
2.25773199784842227e-01,-5.84156575018040108e-02,-8.25269581941300984e-02
2.25388157029877828e-01,-5.81668437608022365e-02,-8.23079494210954693e-02
2.25004624223782285e-01,-5.79194251777355937e-02,-8.20895829761042334e-02
2.24622593277642196e-01,-5.76734425823707889e-02,-8.18719375555074375e-02
2.24242055978782773e-01,-5.74289114731618214e-02,-8.16550521081315511e-02
2.23863004106810454e-01,-5.71858309620017491e-02,-8.14389396808327393e-02
2.23485429476765807e-01,-5.69441935408334723e-02,-8.12236027418893614e-02
2.23109323959860828e-01,-5.67039885171591040e-02,-8.10090385666607515e-02
2.21084983355773840e-01,-5.54195420630898758e-02,-7.98530682159161315e-02
2.17908988399348774e-01,-5.34406009073369256e-02,-7.80482607784342558e-02
2.14836610329070032e-01,-5.15690666064232486e-02,-7.63146247341969369e-02
2.11862790701110582e-01,-4.97924545798239596e-02,-7.46403080411722208e-02
2.08982853605541891e-01,-4.81046757197686886e-02,-7.30229650947818304e-02
2.06192404125065676e-01,-4.65000073431521416e-02,-7.14601681497579327e-02
2.03487311681406130e-01,-4.49731475890248131e-02,-6.99495598404565738e-02
2.00863691837731589e-01,-4.35191989550073530e-02,-6.84888873338957704e-02
1.98317888917344476e-01,-4.21336375676838182e-02,-6.70760072160892090e-02
1.95846459845456178e-01,-4.08122815458363888e-02,-6.57088830140732383e-02
1.93446159240067223e-01,-3.95512613092396034e-02,-6.43855805702225892e-02
1.91113925685367253e-01,-3.83469924272886037e-02,-6.31042628338380762e-02
1.88846869098589470e-01,-3.71961510037859683e-02,-6.18631846122235027e-02
1.86642259099290386e-01,-3.60956514237285031e-02,-6.06606874843929472e-02
1.84497514294588882e-01,-3.50426262462566959e-02,-5.94951949536670147e-02
1.82410192400455778e-01,-3.40344080286967832e-02,-5.83652078636429025e-02
1.80377981126044390e-01,-3.30685128815049190e-02,-5.72693000796607940e-02
1.78398689754715706e-01,-3.21426255727853619e-02,-5.62061144279915464e-02
1.76470241361589925e-01,-3.12545860200951972e-02,-5.51743588806936358e-02
1.74590665613114482e-01,-3.04023770250773200e-02,-5.41728029724580853e-02
1.72758092099258465e-01,-2.95841131226119818e-02,-5.32002744354190121e-02
1.70970744153571330e-01,-2.87980304305919463e-02,-5.22556560381933627e-02
1.69226933120511791e-01,-2.80424773991898302e-02,-5.13378826160043530e-02
1.67525053033201865e-01,-2.73159063697519418e-02,-5.04459382794597566e-02
1.65863575668143137e-01,-2.66168658633812276e-02,-4.95788537903262133e-02
1.64241045946470793e-01,-2.59439935280162993e-02,-4.87357040933979260e-02
1.62656077654059844e-01,-2.52960096805235832e-02,-4.79156059943006488e-02
1.61107349455270554e-01,-2.46717113871180588e-02,-4.71177159737674392e-02
1.59593601177346167e-01,-2.40699670314312580e-02,-4.63412281295791026e-02
1.58113630344491107e-01,-2.34897113248543447e-02,-4.55853722379773244e-02
1.56666288942471060e-01,-2.29299407184799207e-02,-4.48494119269262081e-02
1.55250480396227464e-01,-2.23897091801319829e-02,-4.41326429541270479e-02
1.53865156744484588e-01,-2.18681243036690405e-02,-4.34343915831815336e-02
1.52509315996679023e-01,-2.13643437210290048e-02,-4.27540130517524639e-02
1.51181999658762750e-01,-2.08775717904075807e-02,-4.20908901259889542e-02
1.49882290415546821e-01,-2.04070565365674361e-02,-4.14444317358758363e-02
1.48609309958260855e-01,-1.99520868215986441e-02,-4.08140716865240255e-02
1.47362216946919644e-01,-1.95119897265263881e-02,-4.01992674407550404e-02
1.46140205097930048e-01,-1.90861281260215447e-02,-3.95994989686400609e-02
1.44942501388130029e-01,-1.86738984401308185e-02,-3.90142676599448956e-02
1.43768364367144241e-01,-1.82747285484363906e-02,-3.84430952956940561e-02
1.42617082570584031e-01,-1.78880758533945389e-02,-3.78855230753191857e-02
1.41487973027186659e-01,-1.75134254808049956e-02,-3.73411106960837499e-02
1.40380379853529941e-01,-1.71502886064489393e-02,-3.68094354816918892e-02
1.39293672930434792e-01,-1.67982008989070175e-02,-3.62900915571867239e-02
1.38227246655620167e-01,-1.64567210694513549e-02,-3.57826890674295198e-02
1.37180518767571480e-01,-1.61254295206983665e-02,-3.52868534366225714e-02
1.36104464517965290e-01,-1.57888550764391164e-02,-3.47794206953696006e-02
