2,8.57885556890996062e-20,-1.55893076225765981e-10,1.19168997586571734e-14,2.26510840249313783e-14,1.42930101348220928e-14,2.98427949019242078e-13,-2.39808173319033813e-14
10,6.22039820639876812e-21,-7.47490958019625396e-12,-2.43294967505747195e-16,-1.82502396441769354e-15,-2.80916782890994199e-16,1.27897692436818033e-13,9.76996261670137756e-15
50,3.03290734676242915e-19,-4.68105554318754002e-11,7.56773116394882095e-15,1.15781441779958666e-15,4.04894962501532729e-15,3.90798504668055102e-14,4.21884749357559485e-15
100,-4.17269605641149705e-19,8.31867907891137293e-12,-4.56492482703296787e-15,5.99993247088741882e-16,-4.80301562411078464e-17,-2.84217094304040074e-14,1.44328993201270350e-15
300,-3.23477647391681028e-17,1.08710818125246078e-11,-6.99842744519840743e-14,-4.50717073255738065e-15,-4.90861691571087277e-15,1.99840144432528177e-15,-6.93889390390722838e-17
700,-2.90522814139215768e-15,5.09748493415784765e-15,9.91188468107973009e-14,-3.86778283012478852e-14,1.10873940237232738e-12,-2.60208521396521064e-18,-3.25260651745651330e-19
1100,-4.56178064073275991e-16,3.08277641153202608e-18,8.33006081647769125e-17,-3.01379087193408366e-17,9.02823831116388899e-16,-1.80788594679589729e-20,3.88113143409880585e-21
1400,-5.24257828989072028e-15,2.58006235733659883e-17,1.10674002514604686e-15,-2.78332379489802922e-17,8.29396027226571297e-16,3.48077601762314046e-21,-4.22523856892086536e-21
1500,-5.20988959439028232e-15,2.38075550484766196e-17,1.03426110991539089e-15,-2.69641821450973800e-17,8.05526850531181927e-16,1.63715586836495237e-20,-1.42275065359120760e-22
1501,-5.18874765202681498e-15,2.39161870239619836e-17,1.02177245614107348e-15,-2.73483645262364086e-17,8.04881623183610964e-16,-8.15269211732264076e-21,9.49603343210875771e-22
-1,0.00000000000000000e+00,-1.07203135257805116e-12
