4.90268321501788068e+03,3.13667252758353982e+02,1.00000000000000000e+00,1.00000000000000000e+00,1.90172680546172156e-10,1.65348866484242229e-09,5.86769211217237995e-11,8.10168867852482334e-09,6.94893701041286585e-08,2.44320979590152213e-09,4.13250975908039958e-71,2.80745949757558602e-52
3.15916919943288212e+03,2.01867811645486597e+02,9.99915915583631354e-01,9.99832436871836205e-01,4.63840670454132609e-10,3.11049559033574802e-09,1.10388081982611252e-10,1.88871729704251411e-08,1.23609515670975608e-07,4.33606707052876391e-09,1.65573241405230752e-20,6.56372249643878121e-19
2.15868038941109762e+03,1.37716797822266216e+02,9.99887960069654302e-01,9.99757949314494798e-01,9.37077983400811570e-10,5.57939859333178395e-09,1.98023018229058928e-10,3.66869124243065184e-08,2.11943647866407104e-07,7.42021996943323147e-09,3.23869466977309965e-20,1.22876512626974832e-18
1.56998336120572844e+03,9.99733094409386212e+01,9.99799832515138376e-01,9.99537733537600892e-01,1.64248537992949741e-09,8.72625336259129899e-09,3.09710052110342495e-10,6.18356924556739667e-08,3.17801425138881092e-07,1.11040812981138619e-08,6.02895053381211177e-20,2.19614396413178299e-18
1.20253185943753238e+03,7.64181988403301347e+01,9.99692322257888621e-01,9.99251107664817728e-01,2.57438932349613274e-09,1.24430812600313214e-08,4.41601574563723842e-10,9.35909284058183267e-08,4.36314373712795432e-07,1.52155966808932206e-08,9.80305157335489584e-20,3.44322649364098692e-18
9.55637942086758812e+02,6.05946047127990042e+01,9.99565443421320698e-01,9.98892367669720005e-01,3.73612718046426572e-09,1.66289200115192615e-08,5.90089490552363274e-10,1.31372264367273881e-07,5.63112889629855833e-07,1.96004101649786339e-08,1.45825985850580745e-19,4.95404445968125040e-18
7.73319750249629237e+02,4.89126474356988723e+01,9.99434780936460210e-01,9.98490935889673081e-01,5.27376724447638899e-09,2.16008561470963336e-08,7.66425354903223071e-10,1.78185524977256347e-07,7.04420341582021825e-07,2.44675498268870359e-08,2.05840604456230300e-19,6.74735778232369522e-18
6.30426412453740795e+02,3.97596329282869050e+01,9.99283239304688320e-01,9.97984311950606995e-01,7.56690108380597158e-09,2.80176514046585898e-08,9.93960029862475100e-10,2.41458619469922774e-07,8.69861225587962076e-07,3.01303934222550252e-08,2.88180632184239568e-19,9.02619049649040539e-18
5.16661397525934603e+02,3.24755236921501336e+01,9.99090892754930682e-01,9.97280561954742018e-01,1.13890678794031072e-08,3.70596338270637430e-08,1.31449475833737771e-09,3.34925897004623411e-07,1.07260404057422751e-06,3.70044933648535988e-08,4.12080903979972229e-19,1.21388885955054296e-17
4.25547354139201843e+02,2.66453642994454718e+01,9.98835525021089632e-01,9.96257129583320911e-01,1.81599451522416926e-08,5.07652835934075122e-08,1.80006960988569738e-09,4.82606631487710308e-07,1.33319094751760752e-06,4.57343720000929591e-08,6.13701671626425407e-19,1.67446937868788786e-17
3.52260945937519466e+02,2.19603869822470905e+01,9.98489429889018121e-01,9.94759431541304973e-01,3.00808970246264639e-08,7.20037920521232583e-08,2.55157762050778233e-09,7.19877362636826817e-07,1.67622115006939974e-06,5.70823552952315324e-08,9.55195453286001060e-19,2.40013193252088206e-17
2.93070327817165037e+02,1.81818015413851626e+01,9.98024595877108012e-01,9.92627034727294077e-01,5.00725685011614452e-08,1.03987303734592782e-07,3.68073596636841271e-09,1.09039399443671811e-06,2.12224616625088751e-06,7.16636900162992560e-08,1.53310084811900720e-18,3.56443637449492888e-17
2.45034044332140155e+02,1.51213613430050184e+01,9.97418197411494623e-01,9.89715003575162400e-01,8.16303144410512844e-08,1.49488066396874266e-07,5.28140218220802193e-09,1.64070807339620027e-06,2.67959824573177000e-06,8.96821056940188200e-08,2.48841088072002587e-18,5.39004591111468167e-17
2.05831306871459645e+02,1.26304348097856476e+01,9.96653542572390916e-01,9.85893306833204641e-01,1.28898648195337936e-07,2.10099021050484068e-07,7.40253896331291406e-09,2.41647621206262810e-06,3.34044377124547003e-06,1.10803898164782946e-07,4.02432415954539868e-18,8.12746737892718712e-17
1.73646801364982394e+02,1.05926465509412040e+01,9.95716584981932717e-01,9.81029956531943692e-01,1.97291095185733378e-07,2.85799792243239875e-07,1.00323746252695310e-08,3.46358825350316110e-06,4.08198911263292117e-06,1.34199991427184435e-07,6.43943666165676295e-18,1.20342049483949530e-16
1.47069062927141573e+02,8.91741828783240642e+00,9.94590262651857349e-01,9.74971601512254260e-01,2.94733851674541715e-07,3.74911871298836954e-07,1.30968211419780668e-08,4.83461542924587949e-06,4.87105640580843787e-06,1.58697962967088092e-07,1.01766426531387791e-17,1.73648056398769307e-16
1.24999658404534699e+02,7.53419446151202532e+00,9.93248881544754436e-01,9.67536130397997574e-01,4.33099331616069815e-07,4.74390026128545181e-07,1.64703358646635862e-08,6.59676594350228197e-06,5.66976632831552163e-06,1.82971800329288976e-07,1.58690792971409775e-17,2.43692371175939952e-16
1.06578498625921455e+02,6.38767129695409430e+00,9.91654600610171966e-01,9.58529221051686586e-01,6.28983075825932558e-07,5.80328440338281151e-07,1.99951809057887202e-08,8.83482781890427840e-06,6.44085685020322226e-06,2.05724854568314159e-07,2.43491919374768513e-17,3.32857841836811828e-16
9.11266024989468377e+01,5.43411139497363127e+00,9.89757412527152769e-01,9.47784789384233828e-01,9.03128075996782092e-07,6.88538770688856514e-07,2.35043419748688399e-08,1.16443112746415898e-05,7.15194808611176793e-06,2.25845669718636980e-07,3.65952934169606159e-17,4.43168926120373594e-16
7.81039682894713678e+01,4.63860980707946524e+00,9.87498511175049720e-01,9.35213586159041155e-01,1.27852137098427297e-06,7.95066093553776006e-07,2.68432192998119451e-08,1.51154522827175545e-05,7.77839443392372877e-06,2.42521573604483229e-07,5.36206837632596146e-17,5.75901633308521836e-16
6.70787289737362897e+01,3.97309033945939705e+00,9.84815126207883362e-01,9.20838811656352840e-01,1.77801759435435268e-06,8.96546080522910588e-07,2.98858195678312793e-08,1.93138963623016030e-05,8.30451401031160104e-06,2.55294813875412092e-07,7.63414049803167790e-17,7.31194836752306069e-16
5.77040466496298521e+01,3.41482061743809506e+00,9.81643718715514479e-01,9.04807368320076355e-01,2.42282071947491337e-06,9.90364077972314310e-07,3.25430144206118853e-08,2.42654444369116392e-05,8.72324753941124503e-06,2.64056000164019029e-07,1.05470356119324268e-16,9.07835837727412759e-16
4.97002995765986171e+01,2.94528952444026748e+00,9.77918594032415212e-01,8.87380174122124110e-01,3.23310612255568240e-06,1.07463231357159695e-06,3.47629715224347405e-08,2.99500336675270686e-05,9.03464011813690754e-06,2.68987434402219085e-07,1.41474723675287128e-16,1.10331808770764150e-15
4.28411329188496168e+01,2.54934517850297171e+00,9.73564476610411234e-01,8.68912299391914611e-01,4.23155359334402494e-06,1.14803790083522606e-06,3.65259039637259478e-08,3.63061837515059690e-05,9.24374733844329606e-06,2.70481135278424612e-07,1.84609509894559047e-16,1.31416365202461050e-15
3.68723912330662174e+01,2.21058170839624601e+00,9.68413382578397819e-01,8.49584064927220273e-01,5.46700565459199630e-06,1.21034015689741876e-06,3.78500099782928167e-08,4.33360182802562419e-05,9.35944335652901004e-06,2.69020896100202281e-07,2.35708451659841019e-16,1.53933279918906045e-15
3.02813314188709128e+01,1.84374958357852692e+00,9.60286458249927088e-01,8.24109619390097525e-01,7.51774577459704754e-06,1.27230517060293985e-06,3.89187747506567445e-08,5.32817783596446686e-05,9.38050853089744204e-06,2.63566309819257442e-07,3.14303716451217680e-16,1.84574187520619794e-15
2.27487119081940214e+01,1.43479413835006375e+00,9.44912125720493212e-01,7.89248157771734959e-01,1.17257550715773273e-05,1.31876381333021653e-06,3.92586445903488903e-08,6.86633733071135503e-05,9.18919987466878525e-06,2.51092748507894001e-07,4.52270466123051342e-16,2.29660442094090939e-15
1.49174401254673672e+01,1.01991362631492621e+00,9.10965912853846760e-01,7.47600137879858240e-01,2.25914575223748624e-05,1.28746783526340190e-06,3.76558241882858090e-08,9.23490315188071290e-05,8.54557892071584168e-06,2.29250881438334029e-07,7.11570768729276923e-16,2.95083921261418741e-15
7.90398706159330189e+00,6.44812885219468224e-01,8.16018968799323008e-01,7.10085004181172708e-01,6.51035521877860456e-05,1.02442068316716963e-06,3.17802310474982211e-08,1.30504657968919619e-04,6.99593302815100667e-06,1.98913174520969571e-07,1.23705285560131330e-15,3.96016548143375612e-15
3.24416954924738343e+00,3.54676184989044185e-01,5.64223383273736778e-01,6.54461355561614555e-01,2.59112651824802503e-04,4.79055260769469201e-07,1.98433982285611062e-08,1.97136321426023972e-04,4.24120561150203586e-06,1.60843072663224339e-07,2.14646125363861298e-15,5.69802063833117908e-15
1.21196749108364332e+00,1.73959667531063927e-01,2.97794749143555304e-01,5.15654157408938385e-01,6.00851426016811574e-04,1.60067686809071048e-07,9.92915967257908220e-09,2.76707739812455389e-04,2.07197031919466409e-06,1.17526429787552028e-07,2.98145776686801764e-15,7.66786151192694782e-15
4.49629204367542112e-01,7.69808619111139181e-02,1.51587869793220920e-01,3.50459823323982622e-01,8.50269521487388930e-04,6.07835468682685838e-08,5.04944875198401771e-09,3.33874327693843966e-04,1.03807704518261259e-06,7.87764714597647239e-08,3.42605892201456586e-15,9.00843200934946187e-15
1.63678652415164105e-01,3.10172465496825651e-02,7.71181329739383942e-02,2.11622680298973881e-01,9.71878000987154607e-04,2.81484332245128729e-08,2.78150381857725764e-09,3.66278922647289887e-04,5.67129414091868150e-07,5.11601352751967061e-08,3.60353864782492473e-15,9.74866439208137492e-15
5.95403816289814258e-02,1.18636798684908472e-02,3.90077756198232081e-02,1.17484762578273241e-01,1.02055348347885526e-03,1.61813018694202210e-08,1.75721365430681729e-09,3.82619228944422018e-04,3.56772132515770050e-07,3.53559114268445294e-08,3.65972283697468107e-15,1.01196414155331953e-14
2.20111151906981148e-02,4.46383093667820485e-03,2.03892397711728651e-02,6.39895350769163623e-02,1.03867375843172318e-03,1.17102962518675551e-08,1.32591931329680292e-09,3.89570093308856571e-04,2.68713372057173961e-07,2.77602599339197489e-08,3.67725253958649556e-15,1.02770905201281929e-14
7.88788194100105075e-03,1.60421697139590327e-03,1.13249392923226219e-02,3.59188797911946731e-02,1.04565823169145301e-03,1.00086176468126400e-08,1.14543477020868794e-09,3.91553350204228189e-04,2.32017236193439311e-07,2.42259964218669697e-08,3.68658068547925737e-15,1.03213261758420734e-14
2.62712397393774109e-03,5.34037286672165400e-04,6.54846625721198367e-03,2.07625935997278986e-02,1.04833239340250384e-03,9.29496163467234494e-09,1.06340061226027857e-09,3.91741689650912470e-04,2.15392989188649287e-07,2.24825799937375698e-08,3.69227030481121325e-15,1.03249619666558404e-14
1.20273194659013621e-03,2.44567662802437234e-04,4.55535491114862981e-03,1.44295678559216729e-02,1.04906956264280249e-03,9.04081908125623284e-09,1.03333251696745480e-09,3.91681792862128442e-04,2.09307228994978808e-07,2.18264641142189804e-08,3.69425494803377082e-15,1.03233950723756165e-14
7.39711652244725670e-04,1.50523743762450779e-04,3.65584056203193189e-03,1.15794732832435968e-02,1.04930599204606850e-03,8.93272137707408401e-09,1.02090686947056083e-09,3.91693338971193866e-04,2.06790000387961671e-07,2.15624841721493981e-08,3.69477770134643970e-15,1.03236301530377693e-14
5.39679310105169131e-04,1.09890687020251242e-04,3.17554906979256426e-03,1.00608565452455188e-02,1.04940409109185984e-03,8.87552733189424914e-09,1.01464187060211178e-09,3.91736320223957165e-04,2.05518640240094632e-07,2.14356307707627278e-08,3.69485289327033327e-15,1.03246285491331619e-14
4.37666943732945653e-04,8.91623905856325739e-05,2.89418427657909963e-03,9.17231988365674322e-03,1.04945162245048446e-03,8.84180836170531703e-09,1.01111052725837202e-09,3.91781646044248759e-04,2.04800807853699623e-07,2.13675665927258008e-08,3.69479836996677190e-15,1.03256888133509283e-14
3.79977462059266809e-04,7.74366978716789516e-05,2.71971335999622544e-03,8.62174012571836207e-03,1.04947718461356580e-03,8.82070706572697005e-09,1.00897749991488187e-09,3.91819618833841820e-04,2.04366611989781489e-07,2.13281606050660899e-08,3.69471856173002371e-15,1.03265786851693717e-14
3.45100593807660797e-04,7.03460394250205064e-05,2.60749226078791458e-03,8.26774763769637031e-03,1.04949198306467377e-03,8.80702467448171830e-09,1.00762993126561535e-09,3.91848713258171038e-04,2.04092012223962330e-07,2.13040831128116364e-08,3.69464595256705370e-15,1.03272609703704644e-14
3.23064136793881963e-04,6.58650697508269476e-05,2.53354166584783764e-03,8.03453177476293710e-03,1.04950101594719863e-03,8.79795305779515606e-09,1.00675278874607183e-09,3.91870066917303350e-04,2.03913135902669057e-07,2.12887967813218095e-08,3.69458828379449379e-15,1.03277618922317231e-14
3.08722281415721445e-04,6.29483498308619591e-05,2.48401053326331245e-03,7.87834838876900340e-03,1.04950674344097866e-03,8.79185074106212139e-09,1.00617023739195111e-09,3.91885381017199636e-04,2.03794271539856563e-07,2.12788249323541707e-08,3.69454512848647662e-15,1.03281211984468252e-14
2.99198972296805654e-04,6.10113948547537003e-05,2.45046631521814032e-03,7.77258391533262784e-03,1.04951047509291404e-03,8.78770597734059440e-09,1.00577799914897053e-09,3.91896219530020766e-04,2.03714208968085159e-07,2.12721947681670950e-08,3.69451381445978121e-15,1.03283755222463643e-14
2.92787992692943770e-04,5.97073699813751972e-05,2.42757645760451187e-03,7.70041574895875824e-03,1.04951295353821329e-03,8.78487225354030363e-09,1.00551141151653644e-09,3.91903830968972429e-04,2.03659779977466020e-07,2.12677275117076958e-08,3.69449148355335407e-15,1.03285541345452842e-14
2.88431402041676660e-04,5.88211752606440625e-05,2.41187545085276090e-03,7.65091416316365097e-03,1.04951462194878033e-03,8.78292608023448740e-09,1.00532905131531891e-09,3.91909151427843102e-04,2.03622541196726313e-07,2.12646897734782892e-08,3.69447572071308846e-15,1.03286789910839689e-14
2.85405591448872973e-04,5.82056599663846179e-05,2.40089938147203773e-03,7.61630968357902925e-03,1.04951577311104783e-03,8.78156447466304487e-09,1.00520181201912513e-09,3.91912917911201757e-04,2.03596555290428586e-07,2.12625788516519744e-08,3.69446449010705835e-15,1.03287673824819801e-14
2.82673444808515537e-04,5.76498673238600402e-05,2.39093764799654150e-03,7.58490339547415651e-03,1.04951680717662449e-03,8.78032796884919394e-09,1.00508650423845114e-09,3.91916369141131744e-04,2.03573003997687051e-07,2.12606719049279952e-08,3.69445414982903802e-15,1.03288483772306132e-14
2.79971179917248912e-04,5.71001392789965311e-05,2.38103668104958262e-03,7.55368887542689528e-03,1.04951782492496886e-03,8.77909836817334118e-09,1.00497206264194474e-09,3.91919829499210760e-04,2.03549627641443774e-07,2.12587848519516040e-08,3.69444373658642635e-15,1.03289295877760438e-14
2.77298414256638745e-04,5.65563982847556046e-05,2.37119604297804203e-03,7.52266466480500887e-03,1.04951882669318585e-03,8.77787569076944787e-09,1.00485847883869925e-09,3.91923297668347241e-04,2.03526424597822588e-07,2.12569173028487817e-08,3.69443325607963875e-15,1.03290109831864537e-14
2.74654770506872759e-04,5.60185678529950790e-05,2.36141530566508998e-03,7.49182932507837154e-03,1.04951981283674242e-03,8.77665996808903022e-09,1.00474574441988814e-09,3.91926772134660695e-04,2.03503393250598260e-07,2.12550688360012854e-08,3.69442271478431526e-15,1.03290925279164222e-14
2.72039876406018411e-04,5.54865725265501797e-05,2.35169405164878343e-03,7.46118143892986543e-03,1.04952078373446575e-03,8.77545124784398177e-09,1.00463385093394157e-09,3.91930251141422244e-04,2.03480531988811585e-07,2.12532389901675772e-08,3.69441212013447359e-15,1.03291741807269564e-14
2.69453364595765535e-04,5.49603378487356503e-05,2.34203187558863638e-03,7.43071961173333642e-03,1.04952173979502980e-03,8.77424959784374016e-09,1.00452278985482689e-09,3.91933732629079273e-04,2.03457839203784791e-07,2.12514272542361218e-08,3.69440148076088471e-15,1.03292558932790977e-14
2.66894872448323001e-04,5.44397903292372201e-05,2.33242838620858692e-03,7.40044247352974853e-03,1.04952268146550078e-03,8.77305511105305823e-09,1.00441255253982171e-09,3.91937214156147214e-04,2.03435313285107471e-07,2.12496330537022268e-08,3.69439080680549861e-15,1.03293376082789496e-14
2.64364041866849023e-04,5.39248574049157030e-05,2.32288320890324017e-03,7.37034868169134799e-03,1.04952360924275012e-03,8.77186791236744367e-09,1.00430313017397947e-09,3.91940692793366638e-04,2.03412952615460447e-07,2.12478557325952983e-08,3.69438011034208546e-15,1.03294192569958006e-14
2.61860519048229409e-04,5.34154673933517603e-05,2.31339598928463402e-03,7.34043692455322271e-03,1.04952452368895486e-03,8.77068816782098288e-09,1.00419451369420025e-09,3.91944164979804205e-04,2.03390755563491695e-07,2.12460945288993174e-08,3.69436940594805799e-15,1.03295007558878907e-14
2.59383954191462246e-04,5.29115494358747696e-05,2.30396639809045010e-03,7.31070592643351825e-03,1.04952542545303710e-03,8.76951609733794887e-09,1.00408669368479674e-09,3.91947626323663580e-04,2.03368720474091345e-07,2.12443485405437830e-08,3.69435871149599639e-15,1.03295820019317213e-14
2.56934001125927371e-04,5.24130334250624152e-05,2.29459413810903512e-03,7.28115445469353691e-03,1.04952631530092757e-03,8.76835199274392952e-09,1.00397966022958999e-09,3.91951071320887701e-04,2.03346845654577501e-07,2.12426166773514662e-08,3.69434804927175923e-15,1.03296628660236371e-14
2.54510316818835057e-04,5.19198499087611352e-05,2.28527895417129272e-03,7.25178132987316405e-03,1.04952719415930189e-03,8.76719624381100542e-09,1.00387340269843233e-09,3.91954492948297926e-04,2.03325129354798379e-07,2.12408975915696550e-08,3.69433744759108588e-15,1.03297431834395810e-14
2.52112560695507250e-04,5.14319299576433315e-05,2.27602064794436582e-03,7.22258544060022049e-03,1.04952806318048286e-03,8.76604937691757769e-09,1.00376790942950897e-09,3.91957882059572750e-04,2.03303569737436734e-07,2.12391895747225814e-08,3.69432694319951647e-15,1.03298227396716057e-14
2.49740393682498308e-04,5.09492049787911390e-05,2.26681909982568179e-03,7.19356576556526642e-03,1.04952892383875993e-03,8.76491211243420329e-09,1.00366316725763476e-09,3.91961226488608762e-04,2.03282164833905862e-07,2.12374904044962339e-08,3.69431658483487748e-15,1.03299012494030380e-14
2.47393477177957895e-04,5.04716065176021383e-05,2.25767429117951788e-03,7.16472139692206529e-03,1.04952977802833880e-03,8.76378542301893860e-09,1.00355916103421294e-09,3.91964510137973493e-04,2.03260912499385672e-07,2.12357971891253416e-08,3.69430643684908022e-15,1.03299783351342454e-14
2.45071474363969301e-04,4.99990665352628884e-05,2.24858625436914457e-03,7.13605150042722659e-03,1.04953062784060038e-03,8.76267040038113631e-09,1.00345587472690766e-09,3.91967715056761859e-04,2.03239810516154546e-07,2.12341067227887094e-08,3.69429657095347638e-15,1.03300535759067160e-14
2.42774060277218049e-04,4.95315194436008008e-05,2.23955476507938390e-03,7.10755504220438560e-03,1.04953147419315548e-03,8.76156743682489011e-09,1.00335329818486265e-09,3.91970834219969690e-04,2.03218857230127495e-07,2.12324176700615314e-08,3.69428701544839492e-15,1.03301268069648619e-14
2.40500938847597068e-04,4.90689054945748747e-05,2.23057885573828578e-03,7.07923033683939724e-03,1.04953231466153418e-03,8.76047493182732209e-09,1.00325143783738326e-09,3.91973891735185038e-04,2.03198052558125726e-07,2.12307340189938151e-08,3.69427767494391926e-15,1.03301985935763569e-14
2.38251842953244431e-04,4.86111706772945692e-05,2.22165688310714364e-03,7.05107506409219896e-03,1.04953314380041370e-03,8.75938948525896250e-09,1.00315031504943195e-09,3.91976939836564790e-04,2.03177397828140861e-07,2.12290645645029685e-08,3.69426834229969390e-15,1.03302701605389566e-14
2.36026510693430192e-04,4.81582618507350532e-05,2.21278729686308307e-03,7.02308692234739334e-03,1.04953395661558564e-03,8.75830796975133873e-09,1.00304994885741330e-09,3.91980026512090643e-04,2.03156894141319966e-07,2.12274173718518042e-08,3.69425882723474080e-15,1.03303426330767012e-14
2.33824670014446258e-04,4.77101236785834699e-05,2.20396908398159345e-03,6.99526403795771006e-03,1.04953475056288850e-03,8.75722872253377834e-09,1.00295034605577934e-09,3.91983176873727840e-04,2.03136541433104123e-07,2.12257965923394859e-08,3.69424903034159157e-15,1.03304165999959257e-14
2.31646042622591394e-04,4.72666995007453090e-05,2.19520159808644011e-03,6.96760484500463448e-03,1.04953552475918390e-03,8.75615107389430823e-09,1.00285150517208840e-09,3.91986400521463039e-04,2.03116338855171543e-07,2.12242037245294181e-08,3.69423891383224767e-15,1.03304922863657004e-14
2.29490350719173565e-04,4.68279327400237380e-05,2.18648432273657470e-03,6.94010789334907618e-03,1.04953627889703026e-03,8.75507469949097486e-09,1.00275342190749443e-09,3.91989701666187044e-04,2.03096285296127624e-07,2.12226393464446330e-08,3.69422846132298715e-15,1.03305697908875192e-14
2.22061812402733018e-04,4.53158502597162402e-05,2.15611341853954490e-03,6.84434170932167983e-03,1.04953877651164105e-03,8.75128199723547865e-09,1.00241325595676629e-09,3.92002024005131343e-04,2.03026686988911503e-07,2.12173529950149206e-08,3.69418868304376658e-15,1.03308590829462852e-14
2.11165281622158077e-04,4.30975750297039924e-05,2.11055882557403124e-03,6.70085096131994851e-03,1.04954201293535037e-03,8.74539565314663752e-09,1.00190854011957270e-09,3.92024096411667047e-04,2.02923205086689666e-07,2.12101130379423535e-08,3.69411445954886502e-15,1.03313772066562095e-14
2.00869485423444121e-04,4.10012151544494758e-05,2.06634384350498504e-03,6.56172810968038474e-03,1.04954460202659082e-03,8.73947482530614544e-09,1.00142477778588445e-09,3.92049339625093131e-04,2.02823786047796410e-07,2.12038241753254134e-08,3.69402690371130929e-15,1.03319696973740641e-14
1.91134941089885873e-04,3.90187489588764423e-05,2.02347355614207382e-03,6.42684405020359922e-03,1.04954685969136817e-03,8.73368831741081407e-09,1.00095956384561285e-09,3.92074987424897233e-04,2.02728101390031100e-07,2.11979938552383176e-08,3.69393705107543511e-15,1.03325716879297666e-14
1.81925648323732960e-04,3.71428881861471456e-05,1.98191244558802888e-03,6.29605125813367892e-03,1.04954888298501364e-03,8.72807587298461687e-09,1.00051168062311446e-09,3.92100304617837455e-04,2.02635946568983984e-07,2.11924789649937290e-08,3.69384786587523590e-15,1.03331659363146814e-14
1.73208428400076073e-04,3.53669198923924362e-05,1.94161364446269026e-03,6.16919927808847780e-03,1.04955069966621516e-03,8.72263716265567219e-09,1.00008030659438933e-09,3.92125190852775861e-04,2.02547160873103078e-07,2.11872460968815990e-08,3.69375978737438882e-15,1.03337500866917465e-14
1.64952535397172156e-04,3.36846221855994737e-05,1.90252887891182972e-03,6.04614086662877848e-03,1.04955231917554757e-03,8.71736202824801690e-09,9.99664746518714546e-10,3.92149705490918291e-04,2.02461600023743056e-07,2.11822899904073854e-08,3.69367261750749797e-15,1.03343255283319056e-14
1.57129421029654872e-04,3.20902157375659405e-05,1.86461107947465945e-03,5.92673365458505023e-03,1.04955374646182979e-03,8.71223862483131230e-09,9.99264357194343264e-10,3.92173939365279356e-04,2.02379128490053906e-07,2.11776114977134740e-08,3.69358603052291860e-15,1.03348943886183427e-14
1.49712546868623633e-04,3.05783260439279378e-05,1.82781513433100638e-03,5.81084068159182406e-03,1.04955498622700464e-03,8.70725587134982226e-09,9.98878524024587084e-10,3.92197975964683743e-04,2.02299616964933940e-07,2.11732108984414658e-08,3.69349972738259246e-15,1.03354586229089802e-14
1.42677221352186027e-04,2.91439509316720749e-05,1.79209805277937288e-03,5.69833052669990996e-03,1.04955604410964204e-03,8.70240408818249961e-09,9.98506653836391164e-10,3.92221881143209826e-04,2.02222941497467050e-07,2.11690861099762070e-08,3.69341347683221422e-15,1.03360197732588289e-14
1.36000454183044498e-04,2.77824315517969182e-05,1.75741892556241746e-03,5.58907726051654889e-03,1.04955692682080076e-03,8.69767501820213435e-09,9.98148173230404604e-10,3.92245702548531011e-04,2.02148983189274419e-07,2.11652325642914229e-08,3.69332711784835519e-15,1.03365789550212991e-14
1.29660824684001889e-04,2.64894261002170203e-05,1.72373881781239251e-03,5.48296030905616547e-03,1.04955764194131153e-03,8.69306165195888061e-09,9.97802528690810809e-10,3.92269472151089867e-04,2.02077628070249755e-07,2.11616436156155554e-08,3.69324054975287111e-15,1.03371369161497336e-14
1.23638362047875564e-04,2.52608858493914458e-05,1.69102064546548607e-03,5.37986427228533820e-03,1.04955819764289285e-03,8.68855801220455757e-09,9.97469187071120314e-10,3.92293209428770217e-04,2.02008767013430443e-07,2.11583110597363201e-08,3.69315371970961930e-15,1.03376941118637456e-14
1.17914436013303027e-04,2.40930332108804513e-05,1.65922905417765945e-03,5.27967872035032398e-03,1.04955860242757996e-03,8.68415895331622539e-09,9.97147635969103842e-10,3.92316924330067974e-04,2.01942295640509408e-07,2.11552256149969919e-08,3.69306661108844473e-15,1.03382507741186737e-14
1.12471656815983859e-04,2.29823416153212542e-05,1.62833030720792955e-03,5.18229798066047968e-03,1.04955886491415302e-03,8.67985999219643006e-09,9.96837383853417115e-10,3.92340619752962465e-04,2.01878114205083001e-07,2.11523773203741261e-08,3.69297923374162767e-15,1.03388069697175533e-14
1.07293783464344132e-04,2.19255170338820110e-05,1.59829218371854436e-03,5.08762092364887803e-03,1.04955899367468151e-03,8.67565717214000869e-09,9.96537959938057371e-10,3.92364293514801846e-04,2.01816127454170698e-07,2.11497558467836735e-08,3.69289161629185405e-15,1.03393626464878914e-14
1.02365639528572636e-04,2.09194809898672971e-05,1.56908388702317950e-03,4.99555075190105408e-03,1.04955899711523730e-03,8.67154695581463982e-09,9.96248913845068067e-10,3.92387939872896642e-04,2.01756244472703527e-07,2.11473507321069013e-08,3.69280380019567979e-15,1.03399176689235605e-14
9.76730357378612633e-05,1.99613549272275119e-05,1.54067596168743436e-03,4.90599479542902853e-03,1.04955888339246196e-03,8.66752614217786969e-09,9.95969815107618604e-10,3.92411550676891681e-04,2.01698378516848181e-07,2.11451515540478245e-08,3.69271583526120263e-15,1.03404718451929690e-14
9.32026987648974591e-05,1.90484458170861196e-05,1.51304021828663963e-03,4.81886431466747953e-03,1.04955866035798674e-03,8.66359180234384399e-09,9.95700252559359745e-10,3.92435116230807320e-04,2.01642446840968565e-07,2.11431480542663208e-08,3.69262777631137774e-15,1.03410249473403760e-14
8.89422056459412920e-05,1.81782328954090613e-05,1.48614966472628549e-03,4.73407431200585822e-03,1.04955833552388897e-03,8.65974123015922153e-09,9.95439833649532335e-10,3.92458625931209034e-04,2.01588370522394849e-07,2.11413302252510910e-08,3.69253968072964575e-15,1.03415767262385220e-14
8.48799233432198202e-05,1.73483554352881225e-05,1.45997844318947819e-03,4.65154335218377884e-03,1.04955791604370769e-03,8.65597190406063710e-09,9.95188183714078703e-10,3.92482068735097733e-04,2.01536074287042223e-07,2.11396883691372521e-08,3.69245160667562574e-15,1.03421269225494001e-14
8.10049530064402414e-05,1.65566014663986104e-05,1.43450177193685247e-03,4.57119339156899281e-03,1.04955740870476557e-03,8.65228145753064390e-09,9.94944945225509994e-10,3.92505433499410600e-04,2.01485486338081313e-07,2.11382131356392294e-08,3.69236361180498717e-15,1.03426752746753509e-14
7.73070785337418845e-05,1.58008973622613293e-05,1.40969589132593459e-03,4.49294961614509023e-03,1.04955681992857370e-03,8.64866765609282974e-09,9.94709777038717212e-10,3.92528709224291552e-04,2.01436538189294100e-07,2.11368955445937443e-08,3.69227575236629487e-15,1.03432215244544946e-14
7.37767190705895370e-05,1.50792982231554286e-05,1.38553801353444284e-03,4.41674028792062891e-03,1.04955615577689040e-03,8.64512837927162997e-09,9.94482353644243644e-10,3.92551885224531741e-04,2.01389164504049736e-07,2.11357269972484933e-08,3.69218808257832807e-15,1.03437654211726312e-14
7.04048851188770759e-05,1.43899789890094141e-05,1.36200627556632673e-03,4.34249659940524370e-03,1.04955542196163813e-03,8.64166160632925870e-09,9.94262364437339884e-10,3.92574951247565661e-04,2.01343302940528909e-07,2.11346992794014644e-08,3.69210065421526411e-15,1.03443067243226983e-14
6.71831379585597071e-05,1.37312262224403618e-05,1.33907969519398784e-03,4.27015253576564207e-03,1.04955462385735734e-03,8.63826540488773204e-09,9.94049513008932741e-10,3.92597897551826057e-04,2.01298894003650362e-07,2.11338045587193428e-08,3.69201351634522633e-15,1.03448452054352849e-14
6.41035521109905448e-05,1.31014305073830777e-05,1.31673812954889832e-03,4.19964474426243965e-03,1.04955376651523469e-03,8.63493792175657656e-09,9.93843516461590502e-10,3.92620714955784942e-04,2.01255880903731083e-07,2.11330353779429736e-08,3.69192671518158219e-15,1.03453806492224387e-14
6.11586805972373946e-05,1.24990794135232343e-05,1.29496223611900063e-03,4.13091241057038892e-03,1.04955285467800028e-03,8.63167737545865853e-09,9.93644104752713404e-10,3.92643394865393233e-04,2.01214209421891052e-07,2.11323846452535396e-08,3.69184029401656537e-15,1.03459128542154522e-14
5.83415227663620280e-05,1.19227509810682577e-05,1.27373343594761415e-03,4.06389714159496873e-03,1.04955189279520400e-03,8.62848205006995652e-09,9.93451020066067651e-10,3.92665929285693151e-04,2.01173827782099196e-07,2.11318456227398773e-08,3.69175429321464852e-15,1.03464416330321003e-14
5.56454944882130853e-05,1.13711076843077667e-05,1.25303387885755050e-03,3.99854285441327180e-03,1.04955088503850560e-03,8.62535029008644415e-09,9.93264016212376226e-10,3.92688310820905071e-04,2.01134686529758632e-07,2.11314119136648547e-08,3.69166875024878279e-15,1.03469668123740216e-14
5.30644005229976334e-05,1.08428908359711274e-05,1.23284641054722068e-03,3.93479567098523140e-03,1.04954983531673580e-03,8.62228049608845756e-09,9.93082858057742253e-10,3.92710532666207257e-04,2.01096738416401231e-07,2.11310774490148922e-08,3.69158369976694924e-15,1.03474882328297505e-14
5.05924088959333338e-05,1.03369153976194682e-05,1.21315454142418796e-03,3.87260381830017032e-03,1.04954874729056079e-03,8.61927112104514041e-09,9.92907320980538131e-10,3.92732588593610557e-04,2.01059938290480515e-07,2.11308364737258866e-08,3.69149917367973585e-15,1.03480057485396834e-14
4.82240271198349535e-05,9.85206516424595923e-06,1.19394241705689436e-03,3.81191753364345078e-03,1.04954762438663751e-03,8.61632066712081193e-09,9.92737190354897830e-10,3.92754472933724667e-04,2.01024242993785923e-07,2.11306835328308340e-08,3.69141520126193804e-15,1.03485192267650200e-14
4.59540801217093913e-05,9.38728829392984957e-06,1.17519479013792933e-03,3.75268897468697274e-03,1.04954646981118816e-03,8.61342768289183180e-09,9.92572261060658289e-10,3.92776180554752202e-04,2.00989611263369563e-07,2.11306134577360933e-08,3.69133180926309233e-15,1.03490285473921327e-14
4.37776897414525969e-05,8.94159315582202421e-06,1.15689699386264402e-03,3.69487213412584333e-03,1.04954528656296003e-03,8.61059076089342063e-09,9.92412337018291380e-10,3.92797706839717251e-04,2.00956003638633858e-07,2.11306213527540449e-08,3.69124902202309883e-15,1.03495336023956666e-14
4.16902556816857190e-05,8.51404447195544236e-06,1.13903491663594611e-03,3.63842275860131337e-03,1.04954407744554772e-03,8.60780853543546475e-09,9.92257230747534814e-10,3.92819047662667196e-04,2.00923382373275417e-07,2.11307025819812371e-08,3.69116686159013706e-15,1.03500342952779937e-14
3.96874377977386757e-05,8.10375973039451116e-06,1.12159497802761187e-03,3.58329827166645664e-03,1.04954284507907821e-03,8.60507968064427531e-09,9.92106762949031275e-10,3.92840199364403553e-04,2.00891711351916309e-07,2.11308527565944072e-08,3.69108534783878917e-15,1.03505305404977906e-14
3.77651396258795043e-05,7.70990584907961688e-06,1.10456410590311347e-03,3.52945770056696181e-03,1.04954159191126802e-03,8.60240290869046465e-09,9.91960762107528432e-10,3.92861158728151437e-04,2.00860956011103424e-07,2.11310677225974386e-08,3.69100449858693101e-15,1.03510222628973917e-14
3.59194930561853841e-05,7.33169607140522424e-06,1.08792971466265269e-03,3.47686160662374465e-03,1.04954032022786642e-03,8.59977696817605331e-09,9.91819064115813476e-10,3.92881922955464369e-04,2.00831083264493572e-07,2.11313435490484398e-08,3.69092432971024709e-15,1.03515093971359215e-14
3.41468440640265193e-05,6.96838707610619441e-06,1.07167968452613269e-03,3.42547201901779140e-03,1.04953903216250697e-03,8.59720064265279759e-09,9.91681511917819840e-10,3.92902489642585036e-04,2.00802061431896128e-07,2.11316765167680773e-08,3.69084485525363668e-15,1.03519918871332977e-14
3.24437394210552220e-05,6.61927628543019082e-06,1.05580234180635232e-03,3.37525237179030170e-03,1.04953772970599237e-03,8.59467274926044687e-09,9.91547955170761349e-10,3.92922856757418188e-04,2.00773860172133364e-07,2.11320631075497689e-08,3.69076608753901640e-15,1.03524696855287128e-14
3.08069143129249075e-05,6.28369935685788203e-06,1.04028644011661684e-03,3.32616744388275270e-03,1.04953641471503272e-03,8.59219213746068570e-09,9.91418249924313528e-10,3.92943022617223614e-04,2.00746450419312471e-07,2.11324999938467663e-08,3.69068803726911144e-15,1.03529427531562041e-14
2.92332807967502073e-05,5.96102784480617967e-06,1.02512114246269825e-03,3.27818330205264163e-03,1.04953508892047394e-03,8.58975768785901356e-09,9.91292258316443573e-10,3.92962985867100043e-04,2.00719804322425358e-07,2.11329840289383773e-08,3.69061071362710918e-15,1.03534110585389296e-14
2.77199170366217932e-05,5.65066701982454154e-06,1.01029600417218380e-03,3.23126724651058008e-03,1.04953375393503274e-03,8.58736831110473860e-09,9.91169848285153627e-10,3.92982745459314014e-04,2.00693895188122312e-07,2.11335122375678129e-08,3.69053412437197332e-15,1.03538745774033345e-14
2.62640572603437355e-05,5.35205383377818494e-06,9.95800956617418119e-04,3.18538775913391548e-03,1.04953241126056829e-03,8.58502294685627889e-09,9.91050893294735280e-10,3.93002300633491018e-04,2.00668697426377163e-07,2.11340818070241916e-08,3.69045827592946504e-15,1.03543332922137099e-14
2.48630823850072997e-05,5.06465502041359419e-06,9.81626291690779803e-04,3.14051445412079746e-03,1.04953106229492077e-03,8.58272056280822433e-09,9.90935272076271846e-10,3.93021650897688087e-04,2.00644186498987235e-07,2.11346900786662700e-08,3.69038317347883798e-15,1.03547871917274864e-14
2.35145112630948641e-05,4.78796532152804672e-06,9.67762646993690009e-04,3.09661803095663763e-03,1.04952970833833417e-03,8.58046015377233238e-09,9.90822868381361667e-10,3.93040796010338364e-04,2.00620338870701921e-07,2.11353345398640930e-08,3.69030882103530738e-15,1.03552362705711358e-14
2.21553683196715799e-05,4.50906462979203009e-06,9.53562581619735476e-04,3.05164828986270514e-03,1.04952828587036892e-03,8.57813606071806571e-09,9.90708441736773709e-10,3.93060632750920976e-04,2.00596042481222021e-07,2.11360459199849627e-08,3.69023173560721592e-15,1.03557015638192704e-14
