2,-4.74735497156433643e-20,4.37466951552778482e-10,-9.29621370117025836e-15,-1.70786651761492027e-14,-1.81560885439578309e-14,3.97903932025656104e-13,-1.42108547152020037e-14
10,-1.79729803495521853e-19,8.86416273715440184e-10,-1.21593070356341981e-14,-1.01862606755520266e-14,-5.48439772600235048e-15,5.11590769747272134e-13,-1.59872115546022542e-14
50,-3.31295761494838220e-19,7.56585905037354678e-11,-3.21668850884466832e-15,7.17044730069813646e-16,1.94705007189798981e-15,6.39488462184090167e-14,2.22044604925031308e-15
100,-1.10093107319377687e-17,5.83959547384438338e-11,-1.85163604555452915e-14,-7.77390745363999019e-16,-6.84721105769642291e-16,-2.22044604925031308e-14,-4.44089209850062616e-16
300,-3.80453318588741540e-17,1.28952404310211932e-13,-6.44579875586082096e-15,-3.01387875160236129e-16,-1.47950228457371935e-15,-1.94289029309402395e-16,-1.73472347597680709e-17
700,-2.18618526059977114e-15,1.94028820788005874e-15,-1.58961385721134718e-14,2.77902700851484497e-15,-4.04832417588707472e-14,-1.04083408558608426e-17,6.50521303491302660e-18
1100,3.67086461054710878e-15,-1.96772106394278376e-17,-7.62404191428228684e-16,1.01930250806687994e-16,-3.28119218536045143e-15,8.30092288309214332e-19,-6.62803281226490015e-20
1400,-8.81450132068223313e-14,4.15739440621934811e-16,2.05689957254173716e-14,1.06655000586472481e-16,-3.15836563174499985e-15,2.45639554703747098e-20,2.30816478126796842e-20
1500,5.14784476981708372e-14,-2.33735777179508789e-16,-1.14587565781462675e-14,9.45170184523183576e-17,-3.16593133002987526e-15,-9.22418879559933069e-19,4.65444604516238036e-19
1501,5.27920670503542744e-14,-2.40047019669500580e-16,-1.17673069639084860e-14,9.70530350963977329e-17,-3.14873317306882394e-15,5.70900206449398429e-19,-4.06364056445250588e-19
-1,0.00000000000000000e+00,6.15196782405291742e-12
