2.52873283257404324e-07,-3.33032145815909075e+00,-6.79983893543063544e+00
1.34222444720571136e-04,-2.60849914618992385e+00,-6.96426544077294540e+00
2.28083489123970728e-04,-2.90625521130457187e+00,-8.70600880866226845e+00
5.50335026402502575e-04,-3.18053319802282664e+00,-1.18944553948883538e+01
1.76048250981224565e-03,-4.68707640307860451e+00,-2.08785060096541812e+01
5.17836559390893580e-03,-4.56114414020911774e+00,-2.29366510106736392e+01
1.25669117318183560e-02,-3.87597961514775902e+00,-2.18129992614923651e+01
2.86184245987092314e-02,-3.23647616206975819e+00,-1.99152386551369602e+01
4.81949600594779246e-02,-2.55356840332461132e+00,-1.64516254868356420e+01
6.88053284729008424e-02,-2.02846149652661367e+00,-1.32491931370723162e+01
8.85670018879687049e-02,-1.65582934179838093e+00,-1.07728528155320120e+01
1.06906850587572752e-01,-1.39212044325158124e+00,-8.93386323065151089e+00
1.23794679762875032e-01,-1.20142894733179673e+00,-7.55958186676092669e+00
1.39361375993547282e-01,-1.05990137992493128e+00,-6.51162092415026539e+00
1.53709012562547154e-01,-9.52308934156506415e-01,-5.69407316047961309e+00
1.66726559867649393e-01,-8.68835635545760376e-01,-5.04231867558341840e+00
1.77871813382828259e-01,-8.02991042945978450e-01,-4.51246070405243671e+00
1.86083585624466696e-01,-7.50356848247506591e-01,-4.07400871209327065e+00
1.90157384142412539e-01,-7.07856162273720724e-01,-3.70526527024213337e+00
1.89678072906310835e-01,-6.73337427757691454e-01,-3.39061162035051877e+00
1.85758990694267656e-01,-6.45324022642694728e-01,-3.11891552855187948e+00
1.80586828657746973e-01,-6.22820327417096364e-01,-2.88233284263929335e+00
1.76145866300627313e-01,-6.05129480291587862e-01,-2.67514107496510789e+00
1.73437789189817615e-01,-5.91704535350696004e-01,-2.49275817813336520e+00
1.72585976177819678e-01,-5.81964666371257322e-01,-2.32924644882514986e+00
1.73800160796104025e-01,-5.74333161312181262e-01,-2.14114212415710536e+00
1.78537412680352253e-01,-5.72048666234186043e-01,-1.91026920129665934e+00
1.88468747809682119e-01,-5.83817696666222075e-01,-1.63614165749537088e+00
2.05761912566202437e-01,-6.27697347737779077e-01,-1.32197027935657929e+00
2.35233253416040566e-01,-7.39439156535570796e-01,-9.82810500241162788e-01
2.88459736825293744e-01,-9.55313500153379347e-01,-6.63678465224095793e-01
3.83369663913106840e-01,-1.18367155833961757e+00,-4.46704608471307663e-01
5.08142852034820569e-01,-1.16010065819230301e+00,-3.56598184976344879e-01
5.78948837074673150e-01,-8.62054247495231074e-01,-3.10469716970650345e-01
5.33849531940341904e-01,-5.30491777879112836e-01,-2.59021137795658274e-01
4.30250281777451338e-01,-2.95246185982453335e-01,-2.03946267770127032e-01
3.32704263817385271e-01,-1.59379006719748528e-01,-1.53130270416163949e-01
2.79085297661309240e-01,-1.05703002713632782e-01,-1.23639599000782544e-01
2.51260289649234636e-01,-8.27615324914900558e-02,-1.07906736821003879e-01
2.35131100383762892e-01,-7.08897704275936874e-02,-9.86925299975939946e-02
2.25164470070800898e-01,-6.40592089100672224e-02,-9.29786050590395152e-02
2.18758884122181391e-01,-5.98691658013343342e-02,-8.93028149189179082e-02
2.14536995586429274e-01,-5.71922251975996790e-02,-8.68802701730452404e-02
2.11707906218806141e-01,-5.54358783974460215e-02,-8.52575974038748685e-02
2.09791012505042562e-01,-5.42629089211551854e-02,-8.41586941366650326e-02
2.08482416475223670e-01,-5.34700965946714943e-02,-8.34088889769479397e-02
2.07584503895832023e-01,-5.29298328450016273e-02,-8.28946294766126357e-02
2.06966223689896978e-01,-5.25595960126919171e-02,-8.25406559971481602e-02
2.06532843612238115e-01,-5.23009474864020232e-02,-8.22926151656056815e-02
2.06138678487441857e-01,-5.20663262629126669e-02,-8.20670790482309065e-02
2.05746123104579903e-01,-5.18332559612622520e-02,-8.18425277481904245e-02
2.05355167475472000e-01,-5.16017266637667643e-02,-8.16189622281333488e-02
2.04965801659530822e-01,-5.13717292735067915e-02,-8.13963847777126603e-02
2.04578015756208820e-01,-5.11432557010744679e-02,-8.11747993706961046e-02
2.04191799895475562e-01,-5.09162991171741020e-02,-8.09542121466733100e-02
2.03807144225944536e-01,-5.06908542399555281e-02,-8.07346319620549507e-02
2.03424038902148441e-01,-5.04669173976913937e-02,-8.05160705352628847e-02
2.03042474080789875e-01,-5.02444851546652999e-02,-8.02985399526929822e-02
2.02662439959112928e-01,-5.00235485050895892e-02,-8.00820419842079162e-02
2.02283926913412293e-01,-4.98040797942056329e-02,-7.98665438552807472e-02
2.01906925770264006e-01,-4.95860166208084222e-02,-7.96519481468754842e-02
2.01531428111074551e-01,-4.93692599385207667e-02,-7.94380886027321320e-02
2.01157426361357361e-01,-4.91537031579269632e-02,-7.92247833516475930e-02
2.00784913494030021e-01,-4.89392792250069875e-02,-7.90119221640255137e-02
2.00413882513349378e-01,-4.87259842625803324e-02,-7.87995111924159192e-02
2.00044326086779994e-01,-4.85138574856485982e-02,-7.85876367976918316e-02
1.99676236494960579e-01,-4.83029432410936391e-02,-7.83763955664897594e-02
1.99309605776576027e-01,-4.80932685067702800e-02,-7.81658523601963667e-02
1.98944425884920090e-01,-4.78848415714838993e-02,-7.79560375038564346e-02
1.98580688778512593e-01,-4.76776597391736084e-02,-7.77469608650267069e-02
1.98218386454097395e-01,-4.74717159383878443e-02,-7.75386240519590625e-02
1.97857510964535549e-01,-4.72670009006931277e-02,-7.73310244257062879e-02
1.95813621024842760e-01,-4.61154281756573636e-02,-7.61537075019726867e-02
1.92599136354214773e-01,-4.43389365384835935e-02,-7.43115044510280209e-02
1.89496580453354019e-01,-4.26643780063849787e-02,-7.25451842645528783e-02
1.86500172076842746e-01,-4.10797461020792204e-02,-7.08419185016366526e-02
1.83604581367117603e-01,-3.95789940855972092e-02,-6.91991924566787153e-02
1.80804817455205991e-01,-3.81564353619376420e-02,-6.76143317133307831e-02
1.78096207541024260e-01,-3.68068203613803741e-02,-6.60847327297528903e-02
1.75474373666081096e-01,-3.55253196916714420e-02,-6.46079100193287514e-02
1.72935210577506271e-01,-3.43074908607041915e-02,-6.31815036364758997e-02
1.70474865254331948e-01,-3.31492439520133242e-02,-6.18032766621582560e-02
1.68089718125327581e-01,-3.20468095187158644e-02,-6.04711097614849882e-02
1.65776365878097742e-01,-3.09967093610343074e-02,-5.91829949339631387e-02
1.63531605729294233e-01,-2.99957301678232743e-02,-5.79370291900861076e-02
1.61352421024768655e-01,-2.90408998102881580e-02,-5.67314084283237069e-02
1.59235968046399001e-01,-2.81294660316428503e-02,-5.55644216147905545e-02
1.57179563912748427e-01,-2.72588772802081110e-02,-5.44344452979275764e-02
1.55180675471381729e-01,-2.64267654528552789e-02,-5.33399384604562460e-02
1.53236909090756934e-01,-2.56309303391566955e-02,-5.22794376976677896e-02
1.51346001268881619e-01,-2.48693255798609694e-02,-5.12515527055067421e-02
1.49505809984268295e-01,-2.41400459748182736e-02,-5.02549620598601796e-02
1.47714306722251332e-01,-2.34413159948010340e-02,-4.92884092681511801e-02
1.45969569116413650e-01,-2.27714793687649672e-02,-4.83506990748342955e-02
1.44269774150879604e-01,-2.21289896331395390e-02,-4.74406940032935168e-02
1.42613191874564837e-01,-2.15124015429229015e-02,-4.65573111176992918e-02
1.40998179583252031e-01,-2.09203632559040904e-02,-4.56995189894839407e-02
1.39423176429621543e-01,-2.03516092114482926e-02,-4.48663348541823923e-02
1.37886698425178117e-01,-1.98049536341417670e-02,-4.40568219454256227e-02
1.36387333801423066e-01,-1.92792846003643770e-02,-4.32700869938510840e-02
1.34923738700679613e-01,-1.87735586126823728e-02,-4.25052778796092198e-02
1.33494633169711968e-01,-1.82867956329560259e-02,-4.17615814279887754e-02
1.32098797431745296e-01,-1.78180745303401292e-02,-4.10382213384690789e-02
1.30735068414697980e-01,-1.73665289050173380e-02,-4.03344562382215027e-02
1.29402336515430177e-01,-1.69313432526181883e-02,-3.96495778517528957e-02
1.28099542581598974e-01,-1.65117494379241579e-02,-3.89829092789870310e-02
1.26825675094333568e-01,-1.61070234496726895e-02,-3.83338033746496235e-02
1.25579767536392883e-01,-1.57164824111449275e-02,-3.77016412223325076e-02
1.24360895931793267e-01,-1.53394818237560446e-02,-3.70858306970947640e-02
1.23168176544082145e-01,-1.49754130231297775e-02,-3.64858051108927911e-02
1.22000763721513944e-01,-1.46237008291505571e-02,-3.59010219355395260e-02
1.20857847878366106e-01,-1.42838013732834550e-02,-3.53309615982649941e-02
1.19738653602516232e-01,-1.39552000880550781e-02,-3.47751263452927145e-02
1.18642437880213725e-01,-1.36374098450232611e-02,-3.42330391691677283e-02
1.17568488429708434e-01,-1.33299692288477642e-02,-3.37042427958629334e-02
1.16516122136072681e-01,-1.30324409362252078e-02,-3.31882987279660049e-02
1.15484683580152708e-01,-1.27444102894851453e-02,-3.26847863404946884e-02
1.14473543655149640e-01,-1.24654838555730875e-02,-3.21933020261271907e-02
1.13482098264831133e-01,-1.21952881619815604e-02,-3.17134583868465547e-02
1.12463932802302990e-01,-1.19212040178839091e-02,-3.12228453173431231e-02
